IO Bank,Pin Number,IOB Alias,Site Type,Min Trace Delay (ps),Max Trace Delay (ps),Prohibit,Interface,Signal Name,Direction,DiffPair Type,DiffPair Signal,IO Standard,Drive (mA),Slew Rate,Pull Type
15,A17,IOB_X0Y148,IO_L5N_15,73.332,85.554,,,FOCUS_SCLK,OUT,,,LVCMOS33,12,SLOW,
,A18,,,,,,,N_FADC_CS,OUT,,,,,,
15,A19,IOB_X0Y146,IO_L6N_15,85.71,99.995,,,FADC_SDIO,INOUT,,,LVCMOS33,12,SLOW,
15,A20,IOB_X0Y143,IO_L8P_CC_15,86.142,100.499,,,FADC_SCLK,OUT,,,LVCMOS33,12,SLOW,
15,A22,IOB_X0Y132,IO_L13N_15,83.112,96.964,,,LEGACY_WGTC_GAUGE_TEST,OUT,,,LVCMOS33,12,SLOW,
15,A23,IOB_X0Y131,IO_L14P_15,78.192,91.224,,,LEGACY_MODAVAIL_TEST,OUT,,,LVCMOS33,12,SLOW,
15,A24,IOB_X0Y130,IO_L14N_VREF_15,81.312,94.864,,,SLED_U_TUNED_TEST,IN,,,LVCMOS33,12,SLOW,
15,A25,IOB_X0Y124,IO_L17N_15,90.528,105.616,,,SLED_L_TUNED_TEST,IN,,,LVCMOS33,12,SLOW,
16,A3,IOB_X2Y130,IO_L14N_VREF_16,92.076,107.422,,,SLOWADC_CLK,OUT,,,LVCMOS33,12,SLOW,
16,A4,IOB_X2Y131,IO_L14P_16,81.954,95.613,,,SLOWADC_CONVST,OUT,,,LVCMOS33,12,SLOW,
,A5,,,,,,,N_SLOWADC_WR,OUT,,,,,,
16,A7,IOB_X2Y139,IO_L10P_CC_16,80.328,93.716,,,SLOWADC_DATA5,IN,,,LVCMOS33,12,SLOW,
16,A8,IOB_X2Y150,IO_L4N_VREF_16,72.498,84.581,,,SLOWADC_DATA10,IN,,,LVCMOS33,12,SLOW,
,AA1,IPAD_X1Y1,MGTRXP0_118,63.768,74.396,,,RX0_p,IN,,,LVCMOS25,12,SLOW,
2,AA10,IOB_X1Y55,IO_L2P_A23_2,53.544,62.468,,,A23,OUT,,,LVCMOS33,12,SLOW,
,AA12,,,,,,,N_FOE,OUT,,,,,,
2,AA13,IOB_X1Y47,IO_L6P_D7_2,43.098,50.281,,,D7,INOUT,,,LVCMOS33,12,SLOW,
2,AA14,IOB_X1Y46,IO_L6N_D6_2,47.364,55.258,,,D6,INOUT,,,LVCMOS33,12,SLOW,
2,AA15,IOB_X1Y40,IO_L9N_D0_FS0_2,41.454,48.363,,,D0,INOUT,,,LVCMOS33,12,SLOW,
,AA17,,,,,,,N_FWE,OUT,,,,,,
2,AA18,IOB_X1Y53,IO_L3P_A21_2,50.544,58.968,,,A21,OUT,,,LVCMOS33,12,SLOW,
2,AA19,IOB_X1Y56,IO_L1N_CC_A24_2,65.736,76.692,,,A24,OUT,,,LVCMOS33,12,SLOW,
,AA2,OPAD_X0Y0,MGTTXN0_118,57.222,66.759,,,TX0_n,OUT,,,LVCMOS25,12,SLOW,
4,AA20,IOB_X1Y38,IO_L0N_GC_D14_4,67.902,79.219,,,D14,INOUT,,,LVCMOS33,12,SLOW,
,AA22,,,,,,,N_MAG_PS_ON,OUT,,,,,,
13,AA24,IOB_X0Y50,IO_L14N_VREF_13,86.328,100.716,,,P4,OUT,,,LVCMOS33,12,SLOW,
13,AA25,IOB_X0Y53,IO_L13P_13,76.182,88.879,,,D23,INOUT,,,LVCMOS33,12,SLOW,
18,AA7,IOB_X2Y25,IO_L7P_18,46.776,54.572,,,FP_LED19,OUT,,,LVCMOS33,12,SLOW,
18,AA8,IOB_X2Y24,IO_L7N_18,36.99,43.155,,,FP_LED18,OUT,,,LVCMOS33,12,SLOW,
18,AA9,IOB_X2Y0,IO_L19N_18,28.776,33.572,,,FP_LED17,OUT,,,LVCMOS33,12,SLOW,
,AB1,IPAD_X1Y0,MGTRXN0_118,63.798,74.431,,,RX0_n,IN,,,LVCMOS25,12,SLOW,
4,AB10,IOB_X1Y37,IO_L1P_GC_D13_4,62.094,72.443,,,D13,INOUT,,,LVCMOS33,12,SLOW,
4,AB11,IOB_X1Y36,IO_L1N_GC_D12_4,51.474,60.053,,,D12,INOUT,,,LVCMOS33,12,SLOW,
4,AB12,IOB_X1Y32,IO_L3N_GC_D8_4,49.05,57.225,,,D8,INOUT,,,LVCMOS33,12,SLOW,
,AB14,,,,,,,N_X_FAULT_RST_CMD,OUT,,,,,,
4,AB16,IOB_X1Y22,IO_L8N_CC_GC_4,43.974,51.303,,,MOD_TTOC_TEST,OUT,,,LVCMOS33,12,SLOW,
4,AB17,IOB_X1Y26,IO_L6N_GC_4,45.864,53.508,,,MOD_HV_ON_TEST,OUT,,,LVCMOS33,12,SLOW,
,AB19,,,,,,,N_MOD_EOLC_MON,iN,,,,,,
4,AB20,IOB_X1Y34,IO_L2N_GC_D10_4,66.9,78.05,,,D10,INOUT,,,LVCMOS33,12,SLOW,
4,AB21,IOB_X1Y35,IO_L2P_GC_D11_4,68.31,79.695,,,D11,INOUT,,,LVCMOS33,12,SLOW,
13,AB24,IOB_X0Y49,IO_L15P_13,81.282,94.829,,,P3,OUT,,,LVCMOS33,12,SLOW,
13,AB25,IOB_X0Y51,IO_L14P_13,84.846,98.987,,,D24,INOUT,,,LVCMOS33,12,SLOW,
13,AB26,IOB_X0Y52,IO_L13N_13,82.764,96.558,,,D25,INOUT,,,LVCMOS33,12,SLOW,
,AB3,IPAD_X1Y4,MGTREFCLKN_118,62.07,72.415,,,MGTCLK1_n,IN,,,LVCMOS25,12,SLOW,
,AB4,IPAD_X1Y5,MGTREFCLKP_118,59.598,69.531,,,MGTCLK1_p,IN,,,LVCMOS25,12,SLOW,
,AB6,,,,,,,N_POT2_SW,in,,,,,,
18,AB7,IOB_X2Y18,IO_L10N_CC_18,45.18,52.71,,,FP_LED16,OUT,,,LVCMOS33,12,SLOW,
18,AB9,IOB_X2Y1,IO_L19P_18,35.052,40.894,,,FP_LED15,OUT,,,LVCMOS33,12,SLOW,
,AC1,IPAD_X1Y2,MGTRXN1_118,68.658,80.101,,,RX1_n,IN,,,LVCMOS25,12,SLOW,
4,AC11,IOB_X1Y33,IO_L3P_GC_D9_4,57.822,67.459,,,D9,INOUT,,,LVCMOS33,12,SLOW,
4,AC12,IOB_X1Y29,IO_L5P_GC_4,58.086,67.767,,,REAR_TRIGGER,OUT,,,LVCMOS33,12,SLOW,
4,AC13,IOB_X1Y28,IO_L5N_GC_4,53.448,62.356,,,FRONT_TRIGGER,OUT,,,LVCMOS33,12,SLOW,
,AC14,,,,,,,N_SYSTEM_FAULT,OUT,,,,,,
4,AC16,IOB_X1Y20,IO_L9N_CC_GC_4,53.178,62.041,,,MOD_EOLC_TEST,OUT,,,LVCMOS33,12,SLOW,
,AC17,,,,,,,N_MOD_VVS_PWR_MON,iN,,,,,,
,AC18,,,,,,,N_MOD_INTLK_COMP_MON,iN,,,,,,
,AC19,,,,,,,N_MOD_HVOC_MON,iN,,,,,,
17,AC21,IOB_X0Y17,IO_L11P_CC_17,54.876,64.022,,,119MHZ_IN_p,IN,P,119MHZ_IN_n,LVDS_25,12,SLOW,
17,AC22,IOB_X0Y25,IO_L7P_17,59.886,69.867,,,MOD_FAULT_TEST,OUT,,,LVCMOS33,12,SLOW,
17,AC24,IOB_X0Y27,IO_L6P_17,72.666,84.777,,,P2,OUT,,,LVCMOS33,12,SLOW,
17,AC26,IOB_X0Y39,IO_L0P_17,82.26,95.97,,,D26,INOUT,,,LVCMOS33,12,SLOW,
,AC6,,,,,,,N_RFATTN_SYNC,in,,,,,,
18,AC7,IOB_X2Y6,IO_L16N_18,81.834,95.473,,,FP_LED14,OUT,,,LVCMOS33,12,SLOW,
18,AC8,IOB_X2Y5,IO_L17P_18,47.838,55.811,,,FP_LED13,OUT,,,LVCMOS33,12,SLOW,
18,AC9,IOB_X2Y2,IO_L18N_18,42.654,49.763,,,FP_LED12,OUT,,,LVCMOS33,12,SLOW,
,AD1,IPAD_X1Y3,MGTRXP1_118,69.06,80.57,,,RX1_p,IN,,,LVCMOS25,12,SLOW,
18,AD10,IOB_X2Y31,IO_L4P_18,74.73,87.185,,,FP_LED9,OUT,,,LVCMOS33,12,SLOW,
18,AD11,IOB_X2Y34,IO_L2N_18,64.5,75.25,,,FP_LED8,OUT,,,LVCMOS33,12,SLOW,
,AD13,,,,,,,N_X_CTRL_PWR_ON_CMD,OUT,,,,,,
17,AD14,IOB_X0Y0,IO_L19N_17,89.208,104.076,,,MOD_VVS_PWR_TEST,OUT,,,LVCMOS33,12,SLOW,
17,AD15,IOB_X0Y7,IO_L16P_17,77.496,90.412,,,MOD_INTLK_COMP_TEST,OUT,,,LVCMOS33,12,SLOW,
17,AD16,IOB_X0Y8,IO_L15N_17,81.39,94.955,,,MOD_HVOC_TEST,OUT,,,LVCMOS33,12,SLOW,
,AD18,,,,,,,N_MOD_AVAIL_MON,iN,,,,,,
,AD19,,,,,,,N_MOD_EXT_INTLK_MON,iN,,,,,,
,AD2,OPAD_X0Y2,MGTTXN1_118,72.03,84.035,,,TX1_n,OUT,,,LVCMOS25,12,SLOW,
17,AD20,IOB_X0Y18,IO_L10N_CC_17,55.596,64.862,,,POT1_UP,in,,,LVCMOS33,12,SLOW,
17,AD21,IOB_X0Y16,IO_L11N_CC_17,62.586,73.017,,,119MHZ_IN_n,IN,N,119MHZ_IN_p,LVDS_25,12,SLOW,
17,AD23,IOB_X0Y28,IO_L5N_17,64.512,75.264,,,POT2_UP,IN,,,LVCMOS33,12,SLOW,
17,AD24,IOB_X0Y36,IO_L1N_17,69.354,80.913,,,P1,OUT,,,LVCMOS33,12,SLOW,
17,AD25,IOB_X0Y37,IO_L1P_17,80.532,93.954,,,D27,INOUT,,,LVCMOS33,12,SLOW,
17,AD26,IOB_X0Y38,IO_L0N_17,87.486,102.067,,,D28,INOUT,,,LVCMOS33,12,SLOW,
18,AD6,IOB_X2Y7,IO_L16P_18,67.392,78.624,,,RFATTN_SCLK,OUT,,,LVCMOS33,12,SLOW,
18,AD8,IOB_X2Y4,IO_L17N_18,52.662,61.439,,,FP_LED11,OUT,,,LVCMOS33,12,SLOW,
18,AD9,IOB_X2Y3,IO_L18P_18,54.33,63.385,,,FP_LED10,OUT,,,LVCMOS33,12,SLOW,
18,AE10,IOB_X2Y30,IO_L4N_VREF_18,78.246,91.287,,,FP_LED5,OUT,,,LVCMOS33,12,SLOW,
18,AE11,IOB_X2Y35,IO_L2P_18,76.878,89.691,,,FP_LED4,OUT,,,LVCMOS33,12,SLOW,
18,AE12,IOB_X2Y38,IO_L0N_18,71.94,83.93,,,MOD_TRIGGER,OUT,,,LVCMOS33,12,SLOW,
,AE13,,,,,,,N_X_HV_ON_CMD,OUT,,,,,,
17,AE15,IOB_X0Y6,IO_L16N_17,77.496,90.412,,,MOD_AVAIL_TEST,OUT,,,LVCMOS33,12,SLOW,
17,AE16,IOB_X0Y9,IO_L15P_17,86.526,100.947,,,MOD_EXT_INTLK_TEST,OUT,,,LVCMOS33,12,SLOW,
,AE17,,,,,,,N_MOD_KLY_FIL_TD_MON,iN,,,,,,
,AE18,,,,,,,N_MOD_HV_RDY_MON,iN,,,,,,
,AE2,OPAD_X0Y3,MGTTXP1_118,72.588,84.686,,,TX1_p,OUT,,,LVCMOS25,12,SLOW,
17,AE20,IOB_X0Y20,IO_L9N_CC_17,62.238,72.611,,,POT2_DOWN,IN,,,LVCMOS33,12,SLOW,
17,AE21,IOB_X0Y22,IO_L8N_CC_17,70.56,82.32,,,TRIGGER_IN0_n,IN,N,TRIGGER_IN0_p,LVDS_25,12,SLOW,
17,AE22,IOB_X0Y29,IO_L5P_17,71.52,83.44,,,POT1_DOWN,in,,,LVCMOS33,12,SLOW,
17,AE23,IOB_X0Y30,IO_L4N_VREF_17,86.574,101.003,,,TRIGGER_IN1_n,IN,N,TRIGGER_IN1_p,LVDS_25,12,SLOW,
17,AE25,IOB_X0Y35,IO_L2P_17,87.792,102.424,,,D29,INOUT,,,LVCMOS33,12,SLOW,
17,AE26,IOB_X0Y34,IO_L2N_17,89.154,104.013,,,D30,INOUT,,,LVCMOS33,12,SLOW,
,AE5,,,,,,,N_SW_FLT_RST,OUT,,,,,,
,AE6,,,,,,,N_SW_LOCAL,In,,,,,,
18,AE7,IOB_X2Y16,IO_L11N_CC_18,71.982,83.979,,,FP_LED7,OUT,,,LVCMOS33,12,SLOW,
18,AE8,IOB_X2Y17,IO_L11P_CC_18,66.798,77.931,,,FP_LED6,OUT,,,LVCMOS33,12,SLOW,
18,AF10,IOB_X2Y26,IO_L6N_18,75.786,88.417,,,FP_LED0,OUT,,,LVCMOS33,12,SLOW,
18,AF12,IOB_X2Y39,IO_L0P_18,76.512,89.264,,,MOD_TRIGGER_EN,OUT,,,LVCMOS33,12,SLOW,
,AF13,,,,,,,N_X_HV_OFF_CMD,OUT,,,,,,
17,AF14,IOB_X0Y4,IO_L17N_17,97.05,113.225,,,MOD_KLY_FIL_TD_TEST,OUT,,,LVCMOS33,12,SLOW,
17,AF15,IOB_X0Y5,IO_L17P_17,92.394,107.793,,,MOD_HV_RDY_TEST,OUT,,,LVCMOS33,12,SLOW,
,AF17,,,,,,,N_MOD_CTRL_PWR_FLT_MON,iN,,,,,,
,AF18,,,,,,,N_MOD_TTOC_MON,iN,,,,,,
,AF19,,,,,,,N_MOD_FAULT_MON,iN,,,,,,
,AF20,,,,,,,N_MOD_HV_ON_MON,iN,,,,,,
17,AF22,IOB_X0Y23,IO_L8P_CC_17,81.06,94.57,,,TRIGGER_IN0_p,IN,P,TRIGGER_IN0_n,LVDS_25,12,SLOW,
17,AF23,IOB_X0Y31,IO_L4P_17,94.272,109.984,,,TRIGGER_IN1_p,IN,P,TRIGGER_IN1_n,LVDS_25,12,SLOW,
17,AF24,IOB_X0Y32,IO_L3N_17,80.316,93.702,,,MOD_CTRL_PWR_FLT_TEST,OUT,,,LVCMOS33,12,SLOW,
17,AF25,IOB_X0Y33,IO_L3P_17,90.522,105.609,,,D31,INOUT,,,LVCMOS33,12,SLOW,
18,AF3,IOB_X2Y8,IO_L15N_18,93.12,108.64,,,RFATTN_SDOUT,OUT,,,LVCMOS33,12,SLOW,
18,AF4,IOB_X2Y9,IO_L15P_18,87.036,101.542,,,RFATTN_SDIN,in,,,LVCMOS33,12,SLOW,
,AF5,,,,,,,N_POT1_SW,in,,,,,,
18,AF7,IOB_X2Y23,IO_L8P_CC_18,79.824,93.128,,,FP_LED3,OUT,,,LVCMOS33,12,SLOW,
18,AF8,IOB_X2Y22,IO_L8N_CC_18,74.1,86.45,,,FP_LED2,OUT,,,LVCMOS33,12,SLOW,
18,AF9,IOB_X2Y27,IO_L6P_18,82.212,95.914,,,FP_LED1,OUT,,,LVCMOS33,12,SLOW,
15,B17,IOB_X0Y149,IO_L5P_15,82.098,95.781,,,FOCUS_SDIN,IN,,,LVCMOS33,12,SLOW,
15,B20,IOB_X0Y142,IO_L8N_CC_15,78.228,91.266,,,LEGACY_WG_VALVE_TEST,OUT,,,LVCMOS33,12,SLOW,
,B21,,,,,,,N_LEGACY_AVAIL_MON,iN,,,,,,
,B22,,,,,,,N_WG_VALVE_MON,in,,,,,,
15,B24,IOB_X0Y129,IO_L15P_15,78.792,91.924,,,SLED_M_TUNED_TEST,IN,,,LVCMOS33,12,SLOW,
15,B25,IOB_X0Y125,IO_L17P_15,82.956,96.782,,,SLED_U_DETUNED_TEST,IN,,,LVCMOS33,12,SLOW,
15,B26,IOB_X0Y123,IO_L18P_15,81.708,95.326,,,SLED_L_DETUNED_TEST,IN,,,LVCMOS33,12,SLOW,
,B4,,,,,,,N_SLOWADC_CS,OUT,,,,,,
,B5,,,,,,,N_SLOWADC_RD,OUT,,,,,,
,B6,,,,,,,N_SLOWADC_EOLC,in,,,,,,
16,B7,IOB_X2Y138,IO_L10N_CC_16,75.936,88.592,,,SLOWADC_DATA6,IN,,,LVCMOS33,12,SLOW,
,C17,,,,,,,N_FOCUS_SYNC,OUT,,,,,,
,C21,,,,,,,N_WG_TCGUAGE_MON,in,,,,,,
,C22,,,,,,,N_X_MOD_ON,OUT,,,,,,
,C23,,,,,,,N_PERMIT,OUT,,,,,,
15,C24,IOB_X0Y126,IO_L16N_15,72.606,84.707,,,SLED_M_DETUNED_TEST,IN,,,LVCMOS33,12,SLOW,
,C26,,,,,,,N_SLED_ENABLE,OUT,,,,,,
,C6,,,,,,,N_SLOWADC_EOC,in,,,,,,
16,C7,IOB_X2Y141,IO_L9P_CC_16,71.49,83.405,,,SLOWADC_DATA7,IN,,,LVCMOS33,12,SLOW,
16,C8,IOB_X2Y146,IO_L6N_16,66.408,77.476,,,SLOWADC_DATA11,IN,,,LVCMOS33,12,SLOW,
3,D15,IOB_X1Y139,IO_L0P_CC_GC_3,52.446,61.187,,,FWD_PWR_P,IN,P,FWD_PWR_N,DIFF_HSTL_II_DCI_18,,,
3,D16,IOB_X1Y137,IO_L1P_CC_GC_3,43.854,51.163,,,BEAM_V_P,IN,P,BEAM_V_N,DIFF_HSTL_II_DCI_18,,,
3,D18,IOB_X1Y132,IO_L3N_GC_3,50.466,58.877,,,BEAM_I_N,IN,N,BEAM_I_P,DIFF_HSTL_II_DCI_18,,,
15,D21,IOB_X0Y139,IO_L10P_CC_15,55.416,64.652,,,KLY_FLOW_TEST,OUT,,,LVCMOS33,12,SLOW,
15,D23,IOB_X0Y135,IO_L12P_VRN_15,58.92,68.74,,,WG2_FLOW_TEST,OUT,,,LVCMOS33,12,SLOW,
,D24,,,,,,,N_SLED_TUNE,OUT,,,,,,
,D25,,,,,,,N_SLED_DETUNE,OUT,,,,,,
,D26,,,,,,,N_SLED_MOTOR_TUNED,iN,,,,,,
16,D5,IOB_X2Y123,IO_L18P_16,64.02,74.69,,,SLOWADC_DATA0,IN,,,LVCMOS33,12,SLOW,
16,D6,IOB_X2Y144,IO_L7N_16,55.608,64.876,,,SLOWADC_DATA3,IN,,,LVCMOS33,12,SLOW,
3,E10,IOB_X1Y123,IO_L8P_GC_3,70.518,82.271,,,FADC_CLK_P,OUT,P,FADC_CLK_N,DIFF_HSTL_II_DCI_18,,,
3,E11,IOB_X1Y126,IO_L6N_GC_3,60.246,70.287,,,REFL_PWR_N,IN,N,REFL_PWR_P,DIFF_HSTL_II_DCI_18,12,SLOW,
3,E15,IOB_X1Y138,IO_L0N_CC_GC_3,37.932,44.254,,,FWD_PWR_N,IN,N,FWD_PWR_P,DIFF_HSTL_II_DCI_18,,,
3,E16,IOB_X1Y136,IO_L1N_CC_GC_3,39.522,46.109,,,BEAM_V_N,IN,N,BEAM_V_P,DIFF_HSTL_II_DCI_18,,,
3,E17,IOB_X1Y133,IO_L3P_GC_3,43.314,50.533,,,BEAM_I_P,IN,P,BEAM_I_N,DIFF_HSTL_II_DCI_18,,,
3,E18,IOB_X1Y129,IO_L5P_GC_3,52.548,61.306,,,FADC_FRAME_CLK_P,IN,P,FADC_FRAME_CLK_N,DIFF_HSTL_II_DCI_18,,,
3,E20,IOB_X1Y125,IO_L7P_GC_3,60.294,70.343,,,FADC_DATA_CLK_P,IN,P,FADC_DATA_CLK_N,DIFF_HSTL_II_DCI_18,,,
3,E21,IOB_X1Y124,IO_L7N_GC_3,64.62,75.39,,,FADC_DATA_CLK_N,IN,N,FADC_DATA_CLK_P,DIFF_HSTL_II_DCI_18,,,
11,E22,IOB_X0Y110,IO_L4N_VREF_11,60.81,70.945,,,WG1_FLOW_TEST,OUT,,,LVCMOS33,12,SLOW,
11,E23,IOB_X0Y111,IO_L4P_11,66.042,77.049,,,ACC1_FLOW_TEST,OUT,,,LVCMOS33,12,SLOW,
,E25,,,,,,,N_SLED_MOTOR_DETUNED,iN,,,,,,
,E26,,,,,,,N_SLED_LOWER_TUNED,in,,,,,,
16,E5,IOB_X2Y122,IO_L18N_16,60.852,70.994,,,SLOWADC_DATA1,IN,,,LVCMOS33,12,SLOW,
16,E6,IOB_X2Y145,IO_L7P_16,52.476,61.222,,,SLOWADC_DATA4,IN,,,LVCMOS33,12,SLOW,
16,E7,IOB_X2Y148,IO_L5N_16,42.9,50.05,,,SLOWADC_DATA8,IN,,,LVCMOS33,12,SLOW,
3,F10,IOB_X1Y122,IO_L8N_GC_3,65.382,76.279,,,FADC_CLK_N,OUT,N,FADC_CLK_P,DIFF_HSTL_II_DCI_18,,,
3,F12,IOB_X1Y127,IO_L6P_GC_3,52.656,61.432,,,REFL_PWR_P,IN,P,REFL_PWR_N,DIFF_HSTL_II_DCI_18,12,SLOW,
1,F13,IOB_X1Y109,IO_L5P_A9_D25_1,43.428,50.666,,,A9,OUT,,,LVCMOS33,12,SLOW,
1,F14,IOB_X1Y112,IO_L3N_A12_D28_1,42.33,49.385,,,A12,OUT,,,LVCMOS33,12,SLOW,
1,F15,IOB_X1Y113,IO_L3P_A13_D29_1,49.794,58.093,,,A13,OUT,,,LVCMOS33,12,SLOW,
1,F17,IOB_X1Y114,IO_L2N_A14_D30_1,44.382,51.779,,,A14,OUT,,,LVCMOS33,12,SLOW,
1,F18,IOB_X1Y111,IO_L4P_A11_D27_1,61.908,72.226,,,A11,OUT,,,LVCMOS33,12,SLOW,
3,F19,IOB_X1Y128,IO_L5N_GC_3,50.376,58.772,,,FADC_FRAME_CLK_N,IN,N,FADC_FRAME_CLK_P,DIFF_HSTL_II_DCI_18,,,
11,F24,IOB_X0Y113,IO_L3P_11,63.402,73.969,,,ACC2_FLOW_TEST,OUT,,,LVCMOS33,12,SLOW,
,F25,,,,,,,N_SLED_LOWER_DETUNED,in,,,,,,
12,F5,IOB_X2Y112,IO_L3N_12,57.054,66.563,,,SLOWADC_DATA2,IN,,,LVCMOS33,12,SLOW,
16,F7,IOB_X2Y157,IO_L1P_16,35.388,41.286,,,SLOWADC_DATA9,IN,,,LVCMOS33,12,SLOW,
1,G10,IOB_X1Y101,IO_L9P_CC_A1_D17_1,52.134,60.823,,,A1,OUT,,,LVCMOS33,12,SLOW,
1,G11,IOB_X1Y105,IO_L7P_A5_D21_1,47.226,55.097,,,A5,OUT,,,LVCMOS33,12,SLOW,
1,G12,IOB_X1Y108,IO_L5N_A8_D24_1,37.65,43.925,,,A8,OUT,,,LVCMOS33,12,SLOW,
1,G14,IOB_X1Y116,IO_L1N_A16_1,33.978,39.641,,,A16,OUT,,,LVCMOS33,12,SLOW,
1,G15,IOB_X1Y119,IO_L0P_A19_1,38.562,44.989,,,A19,OUT,,,LVCMOS33,12,SLOW,
1,G16,IOB_X1Y118,IO_L0N_A18_1,37.212,43.414,,,A18,OUT,,,LVCMOS33,12,SLOW,
1,G17,IOB_X1Y115,IO_L2P_A15_D31_1,36.924,43.078,,,A15,OUT,,,LVCMOS33,12,SLOW,
1,G19,IOB_X1Y110,IO_L4N_VREF_A10_D26_1,51.882,60.529,,,A10,OUT,,,LVCMOS33,12,SLOW,
1,G20,IOB_X1Y103,IO_L8P_CC_A3_D19_1,50.892,59.374,,,A3,OUT,,,LVCMOS33,12,SLOW,
,G22,,,,,,,N_KLY_FLOW_MON,iN,,,,,,
,G24,,,,,,,N_WG2_FLOW_MON,in,,,,,,
,G25,,,,,,,N_SLED_UPPER_TUNED,iN,,,,,,
,G26,,,,,,,N_SLED_UPPER_DETUNED,iN,,,,,,
12,G4,IOB_X2Y109,IO_L5P_12,60.576,70.672,,,MONADC_CLK,OUT,,,LVCMOS33,12,SLOW,
,G5,,,,,,,N_MONADC_CS,OUT,,,,,,
,G6,,,,,,,N_MONADC_WR,OUT,,,,,,
,G7,,,,,,,N_MONADC_EOLC,in,,,,,,
16,G9,IOB_X2Y154,IO_L2N_16,31.674,36.953,,,TX_DISABLE0,OUT,,,LVCMOS33,12,SLOW,
1,H11,IOB_X1Y104,IO_L7N_A4_D20_1,40.608,47.376,,,A4,OUT,,,LVCMOS33,12,SLOW,
,H12,,,,,,,N_INIT,,,,,,,
1,H13,IOB_X1Y117,IO_L1P_A17_1,34.344,40.068,,,A17,OUT,,,LVCMOS33,12,SLOW,
1,H18,IOB_X1Y107,IO_L6P_A7_D23_1,40.548,47.306,,,A7,OUT,,,LVCMOS33,12,SLOW,
1,H19,IOB_X1Y106,IO_L6N_A6_D22_1,49.668,57.946,,,A6,OUT,,,LVCMOS33,12,SLOW,
1,H21,IOB_X1Y102,IO_L8N_CC_A2_D18_1,58.992,68.824,,,A2,OUT,,,LVCMOS33,12,SLOW,
,H22,,,,,,,N_WG1_FLOW_MON,in,,,,,,
11,H24,IOB_X0Y95,IO_L12P_VRN_11,54.342,63.399,,,TEMP_ADC_CLK,OUT,,,LVCMOS33,12,SLOW,
11,H26,IOB_X0Y115,IO_L2P_11,90.072,105.084,,,TEMP_SCLK,OUT,,,LVCMOS33,12,SLOW,
12,H4,IOB_X2Y108,IO_L5N_12,60.654,70.763,,,MONADC_CONVST,OUT,,,LVCMOS33,12,SLOW,
,H6,,,,,,,N_MONADC_RD,OUT,,,,,,
,H7,,,,,,,N_MONADC_EOC,in,,,,,,
16,H8,IOB_X2Y153,IO_L3P_16,26.58,31.01,,,SDA0,INOUT,,,LVCMOS33,12,SLOW,
1,H9,IOB_X1Y100,IO_L9N_CC_A0_D16_1,53.634,62.573,,,A0,OUT,,,LVCMOS33,12,SLOW,
,J20,,,,,,,N_RST,OUT,,,,,,
,J21,,,,,,,N_ACC2_FLOW_MON,in,,,,,,
,J23,,,,,,,N_ACC1_FLOW_MON,in,,,,,,
11,J24,IOB_X0Y94,IO_L12N_VRP_11,50.88,59.36,,,TEMP_DIN,IN,,,LVCMOS33,12,SLOW,
11,J25,IOB_X0Y93,IO_L13P_11,58.08,67.76,,,TEMP_DOUT/RDY,IN,,,LVCMOS33,12,SLOW,
,J26,,,,,,,N_TEMP_OUT_CS,OUT,,,,,,
12,J5,IOB_X2Y105,IO_L7P_12,47.64,55.58,,,RX_LOS0,IN,,,LVCMOS33,12,SLOW,
12,J6,IOB_X2Y104,IO_L7N_12,38.172,44.534,,,TX_FAULT0,IN,,,LVCMOS33,12,SLOW,
16,J8,IOB_X2Y152,IO_L3N_16,21.198,24.731,,,SCL0,OUT,,,LVCMOS33,12,SLOW,
11,K21,IOB_X0Y102,IO_L8N_CC_11,38.718,45.171,,,WG_VAC_OK_TEST,OUT,,,LVCMOS33,12,SLOW,
11,K22,IOB_X0Y101,IO_L9P_CC_11,34.284,39.998,,,WG_VAC_BAD_TEST,OUT,,,LVCMOS33,12,SLOW,
,K26,,,,,,,N_TEMP_IN_CS,OUT,,,,,,
12,K5,IOB_X2Y101,IO_L9P_CC_12,43.962,51.289,,,RX_LOS1,IN,,,LVCMOS33,12,SLOW,
12,K6,IOB_X2Y99,IO_L10P_CC_12,32.928,38.416,,,TX_FAULT1,IN,,,LVCMOS33,12,SLOW,
12,K7,IOB_X2Y98,IO_L10N_CC_12,34.248,39.956,,,TX_DISABLE1,OUT,,,LVCMOS33,12,SLOW,
,K8,,,,,,,N_MOD_PRES0,iN,,,,,,
,L23,,,,,,,N_WGVAC_BAD_MON,in,,,,,,
,L24,,,,,,,N_ION_PUMP_MON,in,,,,,,
11,L25,IOB_X0Y90,IO_L14N_VREF_11,48.99,57.155,,,ION_TEST,OUT,,,LVCMOS33,12,SLOW,
12,L5,IOB_X2Y100,IO_L9N_CC_12,40.59,47.355,,,SDA1,INOUT,,,LVCMOS33,12,SLOW,
12,L7,IOB_X2Y94,IO_L12N_VRP_12,31.938,37.261,,,SCL1,OUT,,,LVCMOS33,12,SLOW,
,L8,,,,,,,N_MOD_PRES1,iN,,,,,,
,M21,,,,,,,N_WGVAC_OK_MON,in,,,,,,
,M25,,,,,,,N_MEM_BWE,OUT,,,,,,
,M26,,,,,,,N_MEM_OE,OUT,,,,,,
,M6,,,,,,,N_MODID0,iN,,,,,,
,M7,,,,,,,N_SPI_RESET,OUT,,,,,,
,N24,,,,,,,N_MEM_ADSC,OUT,,,,,,
,N26,,,,,,,N_MEM_GW,OUT,,,,,,
,N6,,,,,,,N_MODID1,iN,,,,,,
12,N7,IOB_X2Y84,IO_L17N_12,74.964,87.458,,,SPI_SBUF,IN,,,LVCMOS33,12,SLOW,
12,N8,IOB_X2Y83,IO_L18P_12,26.016,30.352,,,SPI_CLK,OUT,,,LVCMOS33,12,SLOW,
,P25,,,,,,,N_MEM_BW1,OUT,,,,,,
13,P26,IOB_X0Y79,IO_L0P_SM8P_13,53.562,62.489,,,MEM_CLK,OUT,,,LVCMOS33,12,SLOW,
,P6,,,,,,,N_MODID2,iN,,,,,,
12,P8,IOB_X2Y82,IO_L18N_12,32.58,38.01,,,SPI_MISO,IN,,,LVCMOS33,12,SLOW,
,R25,,,,,,,N_MEM_BW3,OUT,,,,,,
,R26,,,,,,,N_MEM_BW2,OUT,,,,,,
,R5,,,,,,,N_MODID3,iN,,,,,,
,R6,,,,,,,N_MODID4,iN,,,,,,
12,R7,IOB_X2Y80,IO_L19N_12,44.052,51.394,,,SPI_SS,OUT,,,LVCMOS33,12,SLOW,
12,R8,IOB_X2Y81,IO_L19P_12,40.896,47.712,,,SPI_MOSI,OUT,,,LVCMOS33,12,SLOW,
,T25,,,,,,,N_MEM_BW4,OUT,,,,,,
,T5,,,,,,,N_MODID5,iN,,,,,,
12,T7,IOB_X2Y88,IO_L15N_12,44.97,52.465,,,FP_LED25,OUT,,,LVCMOS33,12,SLOW,
,T8,,,,,,,N_SPI_DPOM,OUT,,,,,,
13,U25,IOB_X0Y69,IO_L5P_SM4P_13,55.374,64.603,,,D17,INOUT,,,LVCMOS33,12,SLOW,
13,U26,IOB_X0Y71,IO_L4P_13,62.106,72.457,,,D16,INOUT,,,LVCMOS33,12,SLOW,
12,U5,IOB_X2Y96,IO_L11N_CC_12,62.292,72.674,,,FP_LED28,OUT,,,LVCMOS33,12,SLOW,
12,U6,IOB_X2Y97,IO_L11P_CC_12,59.34,69.23,,,FP_LED27,OUT,,,LVCMOS33,12,SLOW,
12,U7,IOB_X2Y103,IO_L8P_CC_12,61.428,71.666,,,FP_LED26,OUT,,,LVCMOS33,12,SLOW,
13,V21,IOB_X0Y41,IO_L19P_13,38.634,45.073,,,MAG_KLIXON_TEST,OUT,,,LVCMOS33,12,SLOW,
13,V26,IOB_X0Y70,IO_L4N_VREF_13,67.116,78.302,,,D18,INOUT,,,LVCMOS33,12,SLOW,
,V6,,,,,,,N_MODID6,iN,,,,,,
12,V7,IOB_X2Y106,IO_L6N_12,61.572,71.834,,,FP_LED24,OUT,,,LVCMOS33,12,SLOW,
18,V8,IOB_X2Y37,IO_L1P_18,30.708,35.826,,,FP_LED23,OUT,,,LVCMOS33,12,SLOW,
18,V9,IOB_X2Y36,IO_L1N_18,22.224,25.928,,,VPP,OUT,,,LVCMOS33,12,SLOW,
2,W11,IOB_X1Y59,IO_L0P_CC_RS1_2,43.884,51.198,,,RS1,OUT,,,LVCMOS33,12,SLOW,
2,W14,IOB_X1Y42,IO_L8N_D2_FS2_2,31.926,37.247,,,D2,INOUT,,,LVCMOS33,12,SLOW,
2,W16,IOB_X1Y44,IO_L7N_D4_2,30.198,35.231,,,D4,INOUT,,,LVCMOS33,12,SLOW,
13,W21,IOB_X0Y40,IO_L19N_13,43.02,50.19,,,MAG_I_OK_TEST,OUT,,,LVCMOS33,12,SLOW,
,W23,,,,,,,N_MAG_I_OK_MON,IN,,,,,,
,W24,,,,,,,N_MAG_I_INTLK_MON,iN,,,,,,
13,W25,IOB_X0Y62,IO_L8N_CC_SM1N_13,67.326,78.547,,,D19,INOUT,,,LVCMOS33,12,SLOW,
13,W26,IOB_X0Y63,IO_L8P_CC_SM1P_13,75.66,88.27,,,D20,INOUT,,,LVCMOS33,12,SLOW,
,W4,,,,,,,N_MODID7,iN,,,,,,
,W5,,,,,,,N_BRD_RST,in,,,,,,
,W6,,,,,,,N_SW_SPARE1,in,,,,,,
18,W8,IOB_X2Y32,IO_L3N_18,29.586,34.517,,,WAIT,IN,,,LVCMOS33,12,SLOW,
18,W9,IOB_X2Y33,IO_L3P_18,29.148,34.006,,,FP_LED22,OUT,,,LVCMOS33,12,SLOW,
2,Y10,IOB_X1Y58,IO_L0N_CC_RS0_2,54.636,63.742,,,RS0,OUT,,,LVCMOS33,12,SLOW,
2,Y11,IOB_X1Y54,IO_L2N_A22_2,47.868,55.846,,,A22,OUT,,,LVCMOS33,12,SLOW,
,Y12,,,,,,,N_FCS,OUT,,,,,,
2,Y13,IOB_X1Y43,IO_L8P_D3_2,34.65,40.425,,,D3,INOUT,,,LVCMOS33,12,SLOW,
2,Y15,IOB_X1Y41,IO_L9P_D1_FS1_2,36.63,42.735,,,D1,INOUT,,,LVCMOS33,12,SLOW,
2,Y16,IOB_X1Y45,IO_L7P_D5_2,36.972,43.134,,,D5,INOUT,,,LVCMOS33,12,SLOW,
2,Y18,IOB_X1Y52,IO_L3N_A20_2,43.428,50.666,,,A20,OUT,,,LVCMOS33,12,SLOW,
,Y2,OPAD_X0Y1,MGTTXP0_118,56.532,65.954,,,TX0_p,OUT,,,LVCMOS25,12,SLOW,
4,Y21,IOB_X1Y39,IO_L0P_GC_D15_4,70.734,82.523,,,D15,INOUT,,,LVCMOS33,12,SLOW,
13,Y22,IOB_X0Y58,IO_L10N_CC_13,54.078,63.091,,,MAG_I_INTLK_TEST,OUT,,,LVCMOS33,12,SLOW,
,Y23,,,,,,,N_MAG_KLIXON_MON,iN,,,,,,
13,Y25,IOB_X0Y54,IO_L12N_VRP_13,78.348,91.406,,,D21,INOUT,,,LVCMOS33,12,SLOW,
13,Y26,IOB_X0Y55,IO_L12P_VRN_13,80.58,94.01,,,D22,INOUT,,,LVCMOS33,12,SLOW,
,Y4,,,,,,,N_SW_SPARE2,in,,,,,,
,Y5,,,,,,,N_SW_TRIGEN,in,,,,,,
,Y6,,,,,,,N_SW_TEST,in,,,,,,
18,Y7,IOB_X2Y29,IO_L5P_18,40.77,47.565,,,FP_LED21,OUT,,,LVCMOS33,12,SLOW,
18,Y8,IOB_X2Y28,IO_L5N_18,32.388,37.786,,,FP_LED20,OUT,,,LVCMOS33,12,SLOW,
