<?xml version="1.0"?>
<Interface Version="1" Minor="1">
	<Ifc Id="ROOT" Top="1">
		<Bus Id="A">
			<Port Id="0" Dir="OUT"/>
			<Port Id="1" Dir="OUT"/>
			<Port Id="10" Dir="OUT"/>
			<Port Id="11" Dir="OUT"/>
			<Port Id="12" Dir="OUT"/>
			<Port Id="13" Dir="OUT"/>
			<Port Id="14" Dir="OUT"/>
			<Port Id="15" Dir="OUT"/>
			<Port Id="16" Dir="OUT"/>
			<Port Id="17" Dir="OUT"/>
			<Port Id="18" Dir="OUT"/>
			<Port Id="19" Dir="OUT"/>
			<Port Id="2" Dir="OUT"/>
			<Port Id="20" Dir="OUT"/>
			<Port Id="21" Dir="OUT"/>
			<Port Id="22" Dir="OUT"/>
			<Port Id="23" Dir="OUT"/>
			<Port Id="24" Dir="OUT"/>
			<Port Id="3" Dir="OUT"/>
			<Port Id="4" Dir="OUT"/>
			<Port Id="5" Dir="OUT"/>
			<Port Id="6" Dir="OUT"/>
			<Port Id="7" Dir="OUT"/>
			<Port Id="8" Dir="OUT"/>
			<Port Id="9" Dir="OUT"/>
		</Bus>
		<Bus Id="D">
			<Port Id="0" Dir="INOUT"/>
			<Port Id="1" Dir="INOUT"/>
			<Port Id="10" Dir="INOUT"/>
			<Port Id="11" Dir="INOUT"/>
			<Port Id="12" Dir="INOUT"/>
			<Port Id="13" Dir="INOUT"/>
			<Port Id="14" Dir="INOUT"/>
			<Port Id="15" Dir="INOUT"/>
			<Port Id="16" Dir="INOUT"/>
			<Port Id="17" Dir="INOUT"/>
			<Port Id="18" Dir="INOUT"/>
			<Port Id="19" Dir="INOUT"/>
			<Port Id="2" Dir="INOUT"/>
			<Port Id="20" Dir="INOUT"/>
			<Port Id="21" Dir="INOUT"/>
			<Port Id="22" Dir="INOUT"/>
			<Port Id="23" Dir="INOUT"/>
			<Port Id="24" Dir="INOUT"/>
			<Port Id="25" Dir="INOUT"/>
			<Port Id="26" Dir="INOUT"/>
			<Port Id="27" Dir="INOUT"/>
			<Port Id="28" Dir="INOUT"/>
			<Port Id="29" Dir="INOUT"/>
			<Port Id="3" Dir="INOUT"/>
			<Port Id="30" Dir="INOUT"/>
			<Port Id="31" Dir="INOUT"/>
			<Port Id="4" Dir="INOUT"/>
			<Port Id="5" Dir="INOUT"/>
			<Port Id="6" Dir="INOUT"/>
			<Port Id="7" Dir="INOUT"/>
			<Port Id="8" Dir="INOUT"/>
			<Port Id="9" Dir="INOUT"/>
		</Bus>
		<Bus Id="FP_LED">
			<Port Id="0" Dir="OUT"/>
			<Port Id="1" Dir="OUT"/>
			<Port Id="10" Dir="OUT"/>
			<Port Id="11" Dir="OUT"/>
			<Port Id="12" Dir="OUT"/>
			<Port Id="13" Dir="OUT"/>
			<Port Id="14" Dir="OUT"/>
			<Port Id="15" Dir="OUT"/>
			<Port Id="16" Dir="OUT"/>
			<Port Id="17" Dir="OUT"/>
			<Port Id="18" Dir="OUT"/>
			<Port Id="19" Dir="OUT"/>
			<Port Id="2" Dir="OUT"/>
			<Port Id="20" Dir="OUT"/>
			<Port Id="21" Dir="OUT"/>
			<Port Id="22" Dir="OUT"/>
			<Port Id="23" Dir="OUT"/>
			<Port Id="24" Dir="OUT"/>
			<Port Id="25" Dir="OUT"/>
			<Port Id="26" Dir="OUT"/>
			<Port Id="27" Dir="OUT"/>
			<Port Id="28" Dir="OUT"/>
			<Port Id="3" Dir="OUT"/>
			<Port Id="4" Dir="OUT"/>
			<Port Id="5" Dir="OUT"/>
			<Port Id="6" Dir="OUT"/>
			<Port Id="7" Dir="OUT"/>
			<Port Id="8" Dir="OUT"/>
			<Port Id="9" Dir="OUT"/>
		</Bus>
		<Bus Id="N_MEM_BW">
			<Port Id="1" Dir="OUT"/>
			<Port Id="2" Dir="OUT"/>
			<Port Id="3" Dir="OUT"/>
			<Port Id="4" Dir="OUT"/>
		</Bus>
		<Bus Id="N_MODID">
			<Port Id="0" Dir="IN"/>
			<Port Id="1" Dir="IN"/>
			<Port Id="2" Dir="IN"/>
			<Port Id="3" Dir="IN"/>
			<Port Id="4" Dir="IN"/>
			<Port Id="5" Dir="IN"/>
			<Port Id="6" Dir="IN"/>
			<Port Id="7" Dir="IN"/>
		</Bus>
		<Bus Id="P">
			<Port Id="1" Dir="OUT"/>
			<Port Id="2" Dir="OUT"/>
			<Port Id="3" Dir="OUT"/>
			<Port Id="4" Dir="OUT"/>
		</Bus>
		<Bus Id="SLOWADC_DATA">
			<Port Id="0" Dir="IN"/>
			<Port Id="1" Dir="IN"/>
			<Port Id="10" Dir="IN"/>
			<Port Id="11" Dir="IN"/>
			<Port Id="2" Dir="IN"/>
			<Port Id="3" Dir="IN"/>
			<Port Id="4" Dir="IN"/>
			<Port Id="5" Dir="IN"/>
			<Port Id="6" Dir="IN"/>
			<Port Id="7" Dir="IN"/>
			<Port Id="8" Dir="IN"/>
			<Port Id="9" Dir="IN"/>
		</Bus>
		<Bus Id="TP">
			<Port Id="0" Dir="IN"/>
			<Port Id="1" Dir="IN"/>
			<Port Id="2" Dir="IN"/>
			<Port Id="3" Dir="IN"/>
			<Port Id="4" Dir="IN"/>
			<Port Id="5" Dir="IN"/>
			<Port Id="6" Dir="IN"/>
			<Port Id="7" Dir="IN"/>
		</Bus>
		<Port Id="ACC1_FLOW_TEST" Dir="OUT"/>
		<Port Id="ACC2_FLOW_TEST" Dir="OUT"/>
		<Port Id="BEAM_I_N" Dir="IN"/>
		<Port Id="BEAM_I_P" Dir="IN"/>
		<Port Id="BEAM_V_N" Dir="IN"/>
		<Port Id="BEAM_V_P" Dir="IN"/>
		<Port Id="CLK119MHZ_IN_n" Dir="IN"/>
		<Port Id="CLK119MHZ_IN_p" Dir="IN"/>
		<Port Id="FADC_CLK_N" Dir="OUT"/>
		<Port Id="FADC_CLK_P" Dir="OUT"/>
		<Port Id="FADC_DATA_CLK_N" Dir="IN"/>
		<Port Id="FADC_DATA_CLK_P" Dir="IN"/>
		<Port Id="FADC_FRAME_CLK_N" Dir="IN"/>
		<Port Id="FADC_FRAME_CLK_P" Dir="IN"/>
		<Port Id="FADC_SCLK" Dir="OUT"/>
		<Port Id="FADC_SDIO" Dir="INOUT"/>
		<Port Id="FOCUS_SCLK" Dir="OUT"/>
		<Port Id="FOCUS_SDIN" Dir="IN"/>
		<Port Id="FRONT_TRIGGER" Dir="OUT"/>
		<Port Id="FWD_PWR_N" Dir="IN"/>
		<Port Id="FWD_PWR_P" Dir="IN"/>
		<Port Id="ION_TEST" Dir="OUT"/>
		<Port Id="KLY_FLOW_TEST" Dir="OUT"/>
		<Port Id="LEGACY_MODAVAIL_TEST" Dir="OUT"/>
		<Port Id="LEGACY_WG_VALVE_TEST" Dir="OUT"/>
		<Port Id="LEGACY_WGTC_GAUGE_TEST" Dir="OUT"/>
		<Port Id="MAG_I_INTLK_TEST" Dir="OUT"/>
		<Port Id="MAG_I_OK_TEST" Dir="OUT"/>
		<Port Id="MAG_KLIXON_TEST" Dir="OUT"/>
		<Port Id="MEM_CLK" Dir="OUT"/>
		<Port Id="MGTCLK1_n" Dir="IN"/>
		<Port Id="MGTCLK1_p" Dir="IN"/>
		<Port Id="MOD_AVAIL_TEST" Dir="OUT"/>
		<Port Id="MOD_CTRL_PWR_FLT_TEST" Dir="OUT"/>
		<Port Id="MOD_EOLC_TEST" Dir="OUT"/>
		<Port Id="MOD_EXT_INTLK_TEST" Dir="OUT"/>
		<Port Id="MOD_FAULT_TEST" Dir="OUT"/>
		<Port Id="MOD_HV_ON_TEST" Dir="OUT"/>
		<Port Id="MOD_HV_RDY_TEST" Dir="OUT"/>
		<Port Id="MOD_HVOC_TEST" Dir="OUT"/>
		<Port Id="MOD_INTLK_COMP_TEST" Dir="OUT"/>
		<Port Id="MOD_KLY_FIL_TD_TEST" Dir="OUT"/>
		<Port Id="MOD_TRIGGER" Dir="OUT"/>
		<Port Id="MOD_TRIGGER_EN" Dir="OUT"/>
		<Port Id="MOD_TTOC_TEST" Dir="OUT"/>
		<Port Id="MOD_VVS_PWR_TEST" Dir="OUT"/>
		<Port Id="MONADC_CLK" Dir="OUT"/>
		<Port Id="MONADC_CONVST" Dir="OUT"/>
		<Port Id="N_ACC1_FLOW_MON" Dir="IN"/>
		<Port Id="N_ACC2_FLOW_MON" Dir="IN"/>
		<Port Id="N_BRD_RST" Dir="IN"/>
		<Port Id="N_FADC_CS" Dir="OUT"/>
		<Port Id="N_FCS" Dir="OUT"/>
		<Port Id="N_FOCUS_SYNC" Dir="OUT"/>
		<Port Id="N_FOE" Dir="OUT"/>
		<Port Id="N_FWE" Dir="OUT"/>
		<Port Id="N_INIT" Dir="UNKNOWN"/>
		<Port Id="N_ION_PUMP_MON" Dir="IN"/>
		<Port Id="N_KLY_FLOW_MON" Dir="IN"/>
		<Port Id="N_LEGACY_AVAIL_MON" Dir="IN"/>
		<Port Id="N_MAG_I_INTLK_MON" Dir="IN"/>
		<Port Id="N_MAG_I_OK_MON" Dir="IN"/>
		<Port Id="N_MAG_KLIXON_MON" Dir="IN"/>
		<Port Id="N_MAG_PS_ON" Dir="OUT"/>
		<Port Id="N_MEM_ADSC" Dir="OUT"/>
		<Port Id="N_MEM_BWE" Dir="OUT"/>
		<Port Id="N_MEM_GW" Dir="OUT"/>
		<Port Id="N_MEM_OE" Dir="OUT"/>
		<Port Id="N_MOD_AVAIL_MON" Dir="IN"/>
		<Port Id="N_MOD_CTRL_PWR_FLT_MON" Dir="IN"/>
		<Port Id="N_MOD_EOLC_MON" Dir="IN"/>
		<Port Id="N_MOD_EXT_INTLK_MON" Dir="IN"/>
		<Port Id="N_MOD_FAULT_MON" Dir="IN"/>
		<Port Id="N_MOD_HV_ON_MON" Dir="IN"/>
		<Port Id="N_MOD_HV_RDY_MON" Dir="IN"/>
		<Port Id="N_MOD_HVOC_MON" Dir="IN"/>
		<Port Id="N_MOD_INTLK_COMP_MON" Dir="IN"/>
		<Port Id="N_MOD_KLY_FIL_TD_MON" Dir="IN"/>
		<Port Id="N_MOD_PRES0" Dir="IN"/>
		<Port Id="N_MOD_PRES1" Dir="IN"/>
		<Port Id="N_MOD_TTOC_MON" Dir="IN"/>
		<Port Id="N_MOD_VVS_PWR_MON" Dir="IN"/>
		<Port Id="N_MONADC_CS" Dir="OUT"/>
		<Port Id="N_MONADC_EOC" Dir="IN"/>
		<Port Id="N_MONADC_EOLC" Dir="IN"/>
		<Port Id="N_MONADC_RD" Dir="OUT"/>
		<Port Id="N_MONADC_WR" Dir="OUT"/>
		<Port Id="N_PERMIT" Dir="OUT"/>
		<Port Id="N_POT1_SW" Dir="IN"/>
		<Port Id="N_POT2_SW" Dir="IN"/>
		<Port Id="N_RFATTN_SYNC" Dir="IN"/>
		<Port Id="N_RST" Dir="OUT"/>
		<Port Id="N_SLED_DETUNE" Dir="OUT"/>
		<Port Id="N_SLED_ENABLE" Dir="OUT"/>
		<Port Id="N_SLED_LOWER_DETUNED" Dir="IN"/>
		<Port Id="N_SLED_LOWER_TUNED" Dir="IN"/>
		<Port Id="N_SLED_MOTOR_DETUNED" Dir="IN"/>
		<Port Id="N_SLED_MOTOR_TUNED" Dir="IN"/>
		<Port Id="N_SLED_TUNE" Dir="OUT"/>
		<Port Id="N_SLED_UPPER_DETUNED" Dir="IN"/>
		<Port Id="N_SLED_UPPER_TUNED" Dir="IN"/>
		<Port Id="N_SLOWADC_CS" Dir="OUT"/>
		<Port Id="N_SLOWADC_EOC" Dir="IN"/>
		<Port Id="N_SLOWADC_EOLC" Dir="IN"/>
		<Port Id="N_SLOWADC_RD" Dir="OUT"/>
		<Port Id="N_SLOWADC_WR" Dir="OUT"/>
		<Port Id="N_SPI_DPOM" Dir="OUT"/>
		<Port Id="N_SPI_RESET" Dir="OUT"/>
		<Port Id="N_SW_FLT_RST" Dir="OUT"/>
		<Port Id="N_SW_LOCAL" Dir="IN"/>
		<Port Id="N_SW_SPARE1" Dir="IN"/>
		<Port Id="N_SW_SPARE2" Dir="IN"/>
		<Port Id="N_SW_TEST" Dir="IN"/>
		<Port Id="N_SW_TRIGEN" Dir="IN"/>
		<Port Id="N_SYSTEM_FAULT" Dir="OUT"/>
		<Port Id="N_TEMP_IN_CS" Dir="OUT"/>
		<Port Id="N_TEMP_OUT_CS" Dir="OUT"/>
		<Port Id="N_WG_TCGUAGE_MON" Dir="IN"/>
		<Port Id="N_WG_VALVE_MON" Dir="IN"/>
		<Port Id="N_WG1_FLOW_MON" Dir="IN"/>
		<Port Id="N_WG2_FLOW_MON" Dir="IN"/>
		<Port Id="N_WGVAC_BAD_MON" Dir="IN"/>
		<Port Id="N_WGVAC_OK_MON" Dir="IN"/>
		<Port Id="N_X_CTRL_PWR_ON_CMD" Dir="OUT"/>
		<Port Id="N_X_FAULT_RST_CMD" Dir="OUT"/>
		<Port Id="N_X_HV_OFF_CMD" Dir="OUT"/>
		<Port Id="N_X_HV_ON_CMD" Dir="OUT"/>
		<Port Id="N_X_MOD_ON" Dir="OUT"/>
		<Port Id="POT1_DOWN" Dir="IN"/>
		<Port Id="POT1_UP" Dir="IN"/>
		<Port Id="POT2_DOWN" Dir="IN"/>
		<Port Id="POT2_UP" Dir="IN"/>
		<Port Id="REAR_TRIGGER" Dir="OUT"/>
		<Port Id="REFL_PWR_N" Dir="IN"/>
		<Port Id="REFL_PWR_P" Dir="IN"/>
		<Port Id="RFATTN_SCLK" Dir="OUT"/>
		<Port Id="RFATTN_SDIN" Dir="IN"/>
		<Port Id="RFATTN_SDOUT" Dir="OUT"/>
		<Port Id="RS0" Dir="OUT"/>
		<Port Id="RS1" Dir="OUT"/>
		<Port Id="RX_LOS0" Dir="IN"/>
		<Port Id="RX_LOS1" Dir="IN"/>
		<Port Id="RX0_n" Dir="IN"/>
		<Port Id="RX0_p" Dir="IN"/>
		<Port Id="RX1_n" Dir="IN"/>
		<Port Id="RX1_p" Dir="IN"/>
		<Port Id="SCL0" Dir="OUT"/>
		<Port Id="SCL1" Dir="OUT"/>
		<Port Id="SDA0" Dir="INOUT"/>
		<Port Id="SDA1" Dir="INOUT"/>
		<Port Id="SLED_L_DETUNED_TEST" Dir="IN"/>
		<Port Id="SLED_L_TUNED_TEST" Dir="IN"/>
		<Port Id="SLED_M_DETUNED_TEST" Dir="IN"/>
		<Port Id="SLED_M_TUNED_TEST" Dir="IN"/>
		<Port Id="SLED_U_DETUNED_TEST" Dir="IN"/>
		<Port Id="SLED_U_TUNED_TEST" Dir="IN"/>
		<Port Id="SLOWADC_CLK" Dir="OUT"/>
		<Port Id="SLOWADC_CONVST" Dir="OUT"/>
		<Port Id="SPI_CLK" Dir="OUT"/>
		<Port Id="SPI_MISO" Dir="IN"/>
		<Port Id="SPI_MOSI" Dir="OUT"/>
		<Port Id="SPI_SBUF" Dir="IN"/>
		<Port Id="SPI_SS" Dir="OUT"/>
		<Port Id="TEMP_ADC_CLK" Dir="OUT"/>
		<Port Id="TEMP_DIN" Dir="IN"/>
		<Port Id="TEMP_DOUT/RDY" Dir="IN"/>
		<Port Id="TEMP_SCLK" Dir="OUT"/>
		<Port Id="TRIGGER_IN0_n" Dir="IN"/>
		<Port Id="TRIGGER_IN0_p" Dir="IN"/>
		<Port Id="TRIGGER_IN1_n" Dir="IN"/>
		<Port Id="TRIGGER_IN1_p" Dir="IN"/>
		<Port Id="TX_DISABLE0" Dir="OUT"/>
		<Port Id="TX_DISABLE1" Dir="OUT"/>
		<Port Id="TX_FAULT0" Dir="IN"/>
		<Port Id="TX_FAULT1" Dir="IN"/>
		<Port Id="TX0_n" Dir="OUT"/>
		<Port Id="TX0_p" Dir="OUT"/>
		<Port Id="TX1_n" Dir="OUT"/>
		<Port Id="TX1_p" Dir="OUT"/>
		<Port Id="VPP" Dir="OUT"/>
		<Port Id="WAIT" Dir="IN"/>
		<Port Id="WG_VAC_BAD_TEST" Dir="OUT"/>
		<Port Id="WG_VAC_OK_TEST" Dir="OUT"/>
		<Port Id="WG1_FLOW_TEST" Dir="OUT"/>
		<Port Id="WG2_FLOW_TEST" Dir="OUT"/>
		<DiffPair Pos="BEAM_I_P" Neg="BEAM_I_N"/>
		<DiffPair Pos="BEAM_V_P" Neg="BEAM_V_N"/>
		<DiffPair Pos="CLK119MHZ_IN_p" Neg="CLK119MHZ_IN_n"/>
		<DiffPair Pos="FADC_CLK_P" Neg="FADC_CLK_N"/>
		<DiffPair Pos="FADC_DATA_CLK_P" Neg="FADC_DATA_CLK_N"/>
		<DiffPair Pos="FADC_FRAME_CLK_P" Neg="FADC_FRAME_CLK_N"/>
		<DiffPair Pos="FWD_PWR_P" Neg="FWD_PWR_N"/>
		<DiffPair Pos="REFL_PWR_P" Neg="REFL_PWR_N"/>
		<DiffPair Pos="TRIGGER_IN0_p" Neg="TRIGGER_IN0_n"/>
		<DiffPair Pos="TRIGGER_IN1_p" Neg="TRIGGER_IN1_n"/>
	</Ifc>
</Interface>

